member_ref,name_en,name_ar,gender,father_ref,mother_ref,spouse_refs,divorced_spouse_refs,branch_ref,branch_name_en,branch_name_ar,birth_date,death_date,is_deceased,citizen_status,notes
P001,Ibrahim,إبراهيم,male,,,,,0,Founding Ancestors,اأجداد المؤسسون,1750-01-01,,TRUE,resident ,الجد ألكبر | مؤسس عائلة ابراهيم
P002,Qasim,قاسم,male,P001,,,,,,,1770-01-01,,TRUE,resident ,الجد السابع | إبن المؤسس
P003,Mohammad,محمد,male,P002,,,,,,,1800-01-01,,TRUE,resident ,الجد السادس | إبن المؤسس
P004,Musa,موسى,male,P002,,,,,,,1810-01-01,,TRUE,resident ,الجد السادس | إبن المؤسس ولكن ليس له ذرية
P005,Abdul Hafiz,عبدالحافظ,male,P002,,,,,,,1790-01-01,,TRUE,resident ,الجد السادس | حفيد المؤسس الأول
P006,Saad al-Din,سعد الدين,male,P003,,,,6,Saad al-Din,سعد الدين,,,TRUE,resident ,المؤسس الفعلي لدار سعد الدين
P007,Ibrahim,إبراهيم,male,P005,,,,,,,1820-01-01,,TRUE,resident ,الجد الخامس | جد فرع  دار خليل
P008,Al-Hasan,الحسن,male,P005,,,,,,,1815-01-01,,TRUE,resident ,الجد الخامس | جد فرع دار حسين
P009,Qasim,قاسم,male,P005,,,,,,,1810-01-01,,TRUE,resident ,الجد الخامس | جد فرعي درويش وسليان
P010,Asaad,أسعد,male,P006,,,,,,,1870-01-01,,TRUE,resident ,الجد الرابع | ليس له ذرية
P011,Suleiman,سليمان,male,P006,,,,,,,1875-01-01,,TRUE,resident ,الجد الرابع | ليس له ذرية
P012,Ibrahim,ابراهيم,male,P006,,,,,,,1880-01-01,,TRUE,resident ,الجد الرابع
P013,Khalil,خليل,male,P007,,,,2,Khalil Al-Ibrahim,خليل الابراهيم,1845-01-01,,TRUE,resident ,الجد الرابع | المؤسس الفعلي لدار خليل الابراهيم
P014,Mohammad,محمد,male,P007,,,,,,,1846-01-01,,TRUE,resident ,الجد الرابع | ليس له ذرية
P015,Omar,عمر,male,P007,,,,,,,1846-01-01,,TRUE,resident ,الجد الرابع | ليس له ذرية
P016,Hussein,حسين,male,P008,,,,1,Hussein,حسين,1850-01-01,,TRUE,resident ,الجد الرابع | المؤسس الفعلي لدار حسين
P017,Hamad,حمد,male,P008,,,,,,,1855-01-01,,TRUE,resident ,الجد الرابع | ليس له ذرية
P018,Mohammad,محمد,male,P008,,,,,,,1860-01-01,,TRUE,resident ,الجد الرابع | ليس له ذرية
P019,Issa,عيسى,male,P013,,,,,,,1865-01-01,,TRUE,resident ,دار عيسى الخليل | توفي في حروب الأتراك وخلف ولد واحد
P020,Abdul Rahman,عبد الرحمن,male,P013,,,,,,,1880-01-01,,TRUE,resident ,دار عاشور | توفي في حروب الأتراك وخلف ولد واحد
P021,Nimr,نمر,male,P013,,,,,,,1870-01-01,,TRUE,resident ,دار نمر الخليل | له ذرية
P022,Ibrahim,إبراهيم,male,P013,,,,,,,1890-01-01,,TRUE,resident ,دار براهيم الخليل | له ذرية
P023,Mustafa,مصطفى,male,P016,,,,,,,1870-01-01,,TRUE,resident ,دار حسين | له ذرية
P024,Dawood,داوود,male,P016,,,,,,,1875-01-01,,TRUE,resident ,دار حسين | له ذرية
P025,Mahmoud,محمود,male,P016,,,,,,,1880-01-01,,TRUE,resident ,دار حسين | له ذرية
P026,Suleiman,سليمان,male,P009,,,,5,Suleiman,سليمان,1860-01-01,,TRUE,resident ,الجد الرابع | المؤسس الفعلي لدار سليمان
P027,Yousef,يوسف,male,P026,,,,,,,1880-01-01,,TRUE,resident ,دار 5 | الجد الفعلي لدار سليمان
P028,Darwish,درويش,male,P009,,,,4,Darwish,درويش,1845-01-01,,TRUE,resident ,الجد الرابع | المؤسس الفعلي لدار درويش
P029,Qasim,قاسم,male,P028,,,,,,,1865-01-01,,TRUE,resident ,دار درويش | له ذرية
P030,Abdullah,عبد الله,male,P028,,,,,,,1875-01-01,,TRUE,resident ,دار درويش | له ذرية
P031,Ahmad,أحمد,male,P028,,,,,,,1880-01-01,,TRUE,resident ,دار درويش | له ذرية
P032,Abdullah,عبد الله,male,P005,,,,3,Abdullah,عبد الله,1850-01-01,,TRUE,resident ,الجد الخامس | المؤسس الفعلي لدار عبد الله
P033,Qasim,قاسم,male,P032,,,,,,,1880-01-01,,TRUE,resident ,دار عبد الله | له ذرية
P034,Mohammad,محمد,male,P032,,,,,,,1875-01-01,,TRUE,resident ,دار عبد الله | له ذرية
P035,Awad,عوض,male,P032,,,,,,,1870-01-01,,TRUE,resident ,دار عبد الله | له ذرية
P036,Hasan,حسن,male,P032,,,,,,,1880-01-01,,TRUE,resident ,دار عبد الله | فقد في الحرب وليس له ذرية
P037,Musa,موسى,male,P032,,,,,,,1880-01-01,,TRUE,resident ,دار عبد الله | مات شابا وليس له ذرية
P038,Jamil,جميل,male,P011,,,,,,,,,TRUE,resident ,
P039,Mohammad,محمد,male,P012,,,,,,,,,TRUE,resident ,
P040,Saad al-Din,سعدالدين,male,P012,,,,,,,,,TRUE,resident ,
P041,Husni,حسني,male,P012,,,,,,,,,TRUE,non_resident,
P042,Jamil,جميل,male,P012,,,,,,,,,FALSE,non_resident,
P043,Ibrahim,إبراهيم,male,P039,,,,,,,,,FALSE,resident ,
P044,Ghazi,غازي,male,P039,,,,,,,,,FALSE,resident ,
P045,Ali,علي,male,P039,,,,,,,,,FALSE,resident ,
P046,Asaad,أسعد,male,P039,,,,,,,,,FALSE,resident ,
P047,Shaher,شاهر,male,P039,,,,,,,,,FALSE,resident ,
P048,Nael,نائل,male,P039,,,,,,,,,FALSE,resident ,
P049,Wael,وائل,male,P039,,,,,,,,,FALSE,resident ,
P050,Samir,سمير,male,P039,,,,,,,,,FALSE,resident ,
P051,Saad,سعد,male,P040,,,,,,,,,FALSE,non_resident,
P052,Saada,سعادة,male,P040,,,,,,,,,TRUE,non_resident,
P053,Sami,سامي,male,P040,,,,,,,,,FALSE,non_resident,
P054,Suleiman,سليمان,male,P040,,,,,,,,,FALSE,non_resident,
P055,Ghazi,غازي,male,P041,,,,,,,,,FALSE,non_resident,
P056,Faisal,فيصل,male,P041,,,,,,,,,FALSE,non_resident,
P057,Sadat,سادات,male,P041,,,,,,,,,FALSE,non_resident,
P058,Amir,أمير,male,P041,,,,,,,,,FALSE,non_resident,
P059,Jamal,جمال,male,P042,,,,,,,,,FALSE,non_resident,
P060,Khaled,خالد,male,P042,,,,,,,,,FALSE,non_resident,
P061,Yasser,ياسر,male,P042,,,,,,,,,FALSE,non_resident,
P062,Omar,عمر,male,P042,,,,,,,,,FALSE,non_resident,
P063,Ahmad,أحمد,male,P042,,,,,,,,,FALSE,non_resident,
P064,Abdul Rahim,عبد الرحيم,male,P019,,,,,,,,,TRUE,resident ,
P065,Issa,عيسى,male,P064,,,,,,,,,TRUE,non_resident,
P066,Mohammad,محمد,male,P064,,,,,,,,,TRUE,non_resident,
P067,Saada,سعادة,male,P064,,,,,,,,,FALSE,non_resident,
P068,Sayyaf,سياف,male,P065,,,,,,,,,FALSE,non_resident,
P069,Osama,أسامة,male,P065,,,,,,,,,TRUE,non_resident,
P070,Bassem,باسم,male,P065,,,,,,,,,FALSE,non_resident,
P071,Abdul Aziz,عبد العزيز,male,P065,,,,,,,,,TRUE,non_resident,
P072,Nasri,نصري,male,P065,,,,,,,,,FALSE,non_resident,
P073,Rizqallah,رزق الله,male,P065,,,,,,,,,FALSE,non_resident,
P074,Sari,ساري,male,P065,,,,,,,,,TRUE,non_resident,
P075,Hani,هاني,male,P065,,,,,,,,,FALSE,non_resident,
P076,Mazen,مازن,male,P068,,,,,,,,,FALSE,non_resident,
P077,Mohammad,محمد,male,P068,,,,,,,,,FALSE,non_resident,
P078,Issa,عيسى,male,P069,,,,,,,,,FALSE,non_resident,
P079,Yazan,يزن,male,P069,,,,,,,,,FALSE,non_resident,
P080,Diaa,ضياء,male,P070,,,,,,,,,FALSE,non_resident,
P081,Baha,بهاء,male,P070,,,,,,,,,FALSE,non_resident,
P082,Noor,نور,male,P070,,,,,,,,,FALSE,non_resident,
P083,Mohammad,محمد,male,P071,,,,,,,,,FALSE,non_resident,
P084,Ammar,عمار,male,P072,,,,,,,,,FALSE,non_resident,
P085,Amer,عامر,male,P072,,,,,,,,,FALSE,non_resident,
P086,Yasser,ياسر,male,P073,,,,,,,,,FALSE,non_resident,
P087,Mahmoud,محمود,male,P073,,,,,,,,,FALSE,non_resident,
P088,Hamza,حمزة,male,P074,,,,,,,,,FALSE,non_resident,
P089,Mohammad,محمد,male,P074,,,,,,,,,FALSE,non_resident,
P090,Luay,لؤي,male,P075,,,,,,,,,FALSE,non_resident,
P091,Ibrahim,إبراهيم,male,P075,,,,,,,,,FALSE,non_resident,
P092,Yamen,يامن,male,P075,,,,,,,,,FALSE,non_resident,
P093,Ward,ورد,male,P080,,,,,,,,,FALSE,non_resident,
P094,Rayan,ريان,male,P081,,,,,,,,,FALSE,non_resident,
P095,Amir,أمير,male,P081,,,,,,,,,FALSE,non_resident,
P096,Madin,مدين,male,P066,,,,,,,,,TRUE,non_resident,
P097,Muhannad,مهند,male,P066,,,,,,,,,FALSE,non_resident,
P098,Abdul Rahim,عبد الرحيم,male,P066,,,,,,,,,FALSE,non_resident,
P099,Alaa,علاء,male,P066,,,,,,,,,FALSE,non_resident,
P100,Madin,مدين,male,P097,,,,,,,,,FALSE,resident ,
P101,Mohammad,محمد,male,P097,,,,,,,,,FALSE,resident ,
P102,Abdul Rahman,عبدالرحمن,male,P097,,,,,,,,,FALSE,resident ,
P103,Amr,عمرو,male,P097,,,,,,,,,FALSE,resident ,
P104,Omar,عمر,male,P098,,,,,,,,,FALSE,non_resident,
P105,Mohammad,محمد,male,P098,,,,,,,,,FALSE,non_resident,
P106,Darwish,درويش,male,P020,,,,,,,,,TRUE,resident ,
P107,Ahmad,أحمد,male,P106,,,,,,,,,FALSE,resident ,
P108,Raed,رائد,male,P107,,,,,,,,,FALSE,resident ,
P109,Fadi,فادي,male,P107,,,,,,,,,FALSE,resident ,
P110,Ahmad,أحمد,male,P108,,,,,,,,,FALSE,resident ,
P111,Mohammad,محمد,male,P108,,,,,,,,,FALSE,resident ,
P112,Mohammad,محمد,male,P109,,,,,,,,,FALSE,resident ,
P113,Abdul Rahman,عبد الرحمن,male,P109,,,,,,,,,FALSE,resident ,
P114,Khalil,خليل,male,P021,,,,,,,,,TRUE,resident ,
P115,Abdul Hamid,عبد الحميد,male,P021,,,,,,,,,TRUE,resident ,
P116,Abdul Majid,عبد المجيد,male,P021,,,,,,,,,TRUE,non_resident,
P117,Shawqi,شوقي,male,P115,,,,,,,,,FALSE,resident ,
P118,Izz al-Din,عزالدين,male,P115,,,,,,,,,FALSE,resident ,
P119,Jihad,جهاد,male,P115,,,,,,,,,FALSE,resident ,
P120,Jawad,جواد,male,P115,,,,,,,,,TRUE,resident ,
P121,Ahmad,أحمد,male,P115,,,,,,,,,FALSE,resident ,
P122,Shadi,شادي,male,P115,,,,,,,,,FALSE,resident ,
P123,Jamal,جمال,male,P116,,,,,,,,,FALSE,non_resident,
P124,Nimr,نمر,male,P116,,,,,,,,,FALSE,non_resident,
P125,Azzam,عزام,male,P116,,,,,,,,,FALSE,non_resident,
P126,Shurahbil,شرحبيل,male,P116,,,,,,,,,FALSE,non_resident,
P127,Khalil,خليل,male,P116,,,,,,,,,FALSE,resident ,
P128,Ibrahim,إبراهيم,male,P116,,,,,,,,,FALSE,non_resident,
P129,Saed,سائد,male,P117,,,,,,,,,FALSE,resident ,
P130,Mohammad,محمد,male,P129,,,,,,,,,FALSE,resident ,
P131,Shawqi,شوقي,male,P129,,,,,,,,,FALSE,resident ,
P132,Mohammad,محمد,male,P118,,,,,,,,,FALSE,resident ,
P133,Baraa,براء,male,P118,,,,,,,,,FALSE,resident ,
P134,Izz al-Din,عزالدين,male,P132,,,,,,,,,FALSE,resident ,
P135,Anas,أنس,male,P119,,,,,,,,,FALSE,resident ,
P136,Ali,علي,male,P119,,,,,,,,,FALSE,resident ,
P137,Mohammad,محمد,male,P119,,,,,,,,,FALSE,resident ,
P138,Jihad,جهاد,male,P135,,,,,,,,,FALSE,resident ,
P139,Yahya,ي1ى,male,P135,,,,,,,,,FALSE,resident ,
P140,Abdul Hamid,عبد الحميد,male,P122,,,,,,,,,FALSE,resident ,
P141,Omar,عمر,male,P122,,,,,,,,,FALSE,resident ,
P142,Mohammad,محمد,male,P123,,,,,,,,,FALSE,non_resident,
P143,Omar,عمر,male,P123,,,,,,,,,FALSE,non_resident,
P144,Mohammad,محمد,male,P124,,,,,,,,,FALSE,non_resident,
P145,Anas,أنس,male,P125,,,,,,,,,FALSE,non_resident,
P146,Luay,لؤي,male,P126,,,,,,,,,FALSE,non_resident,
P147,Ahmad,أحمد,male,P126,,,,,,,,,FALSE,non_resident,
P148,Rani,راني,male,P127,,,,,,,,,FALSE,non_resident,
P149,Abdul Majid,عبد المجيد,male,P127,,,,,,,,,FALSE,non_resident,
P150,Mohammad,محمد,male,P127,,,,,,,,,FALSE,non_resident,
P151,Anas,أنس,male,P128,,,,,,,,,FALSE,non_resident,
P152,Muath,معاذ,male,P128,,,,,,,,,FALSE,non_resident,
P153,Sultan,سلطان,male,P142,,,,,,,,,FALSE,non_resident,
P154,Sanad,سند,male,P143,,,,,,,,,FALSE,non_resident,
P155,Ibrahim,إبراهيم,male,P013,,,,,,,,,TRUE,non_resident,
P156,Yousef,يوسف,male,P155,,,,,,,,,TRUE,resident ,
P157,Ibrahim,إبراهيم,male,P156,,,,,,,,,TRUE,resident ,
P158,Mustafa,مصطفى,male,P156,,,,,,,,,FALSE,resident ,
P159,Abdul Hafiz,عبد الحافظ,male,P156,,,,,,,,,FALSE,resident ,
P160,Yousef,يوسف,male,P157,,,,,,,,,FALSE,resident ,
P161,Alaa,علاء,male,P157,,,,,,,,,FALSE,resident ,
P162,Wahbi,وهبي,male,P157,,,,,,,,,FALSE,resident ,
P163,Baha,بهاء,male,P157,,,,,,,,,FALSE,resident ,
P164,Joud,جود,male,P162,,,,,,,,,FALSE,resident ,
P165,Faraj,فرج,male,P158,,,,,,,,,FALSE,resident ,
P166,Saed,سائد,male,P158,,,,,,,,,FALSE,resident ,
P167,Hasib,حسيب,male,P158,,,,,,,,,FALSE,resident ,
P168,Mohammad,محمد,male,P158,,,,,,,,,FALSE,resident ,
P169,Mustafa,مصطفى,male,P165,,,,,,,,,FALSE,resident ,
P170,Haitham,هيثم,male,P159,,,,,,,,,FALSE,resident ,
P171,Jihad,جهاد,male,P159,,,,,,,,,FALSE,resident ,
P172,Yousef,يوسف,male,P159,,,,,,,,,FALSE,resident ,
P173,Ayham,أيهم,male,P159,,,,,,,,,FALSE,resident ,
P174,Iyad,إياد,male,P159,,,,,,,,,FALSE,resident ,
P175,Mohammad,محمد,male,P155,,,,,,,,,TRUE,resident ,
P176,Abdul Aziz,عبد العزيز,male,P175,,,,,,,,,FALSE,non_resident,
P177,Abdul Basit,عبد الباسط,male,P175,,,,,,,,,FALSE,resident ,
P178,Jamal,جمال,male,P175,,,,,,,,,FALSE,resident ,
P179,Abdul Hakim,عبد الحكيم,male,P175,,,,,,,,,FALSE,resident ,
P180,Khaled,خالد,male,P175,,,,,,,,,FALSE,resident ,
P181,Zakaria,زكريا,male,P175,,,,,,,,,FALSE,resident ,
P182,Nadim,نديم,male,P176,,,,,,,,,FALSE,non_resident,
P183,Mohammad,محمد,male,P177,,,,,,,,,FALSE,resident ,
P184,Muwafaq,موفق,male,P177,,,,,,,,,FALSE,resident ,
P185,Nimr,نمر,male,P177,,,,,,,,,FALSE,resident ,
P186,Ibrahim,إبراهيم,male,P177,,,,,,,,,FALSE,resident ,
P187,Abdul Basit,عبد الباسط,male,P177,,,,,,,,,FALSE,resident ,
P188,Akram,أكرم,male,P177,,,,,,,,,FALSE,resident ,
P189,Walid,وليد,male,P184,,,,,,,,,FALSE,resident ,
P190,Mohammad,محمد,male,P178,,,,,,,,,FALSE,resident ,
P191,Yousef,يوسف,male,P178,,,,,,,,,FALSE,resident ,
P192,Alaa,علاء,male,P179,,,,,,,,,FALSE,resident ,
P193,Mohammad,محمد,male,P179,,,,,,,,,FALSE,resident ,
P194,Baha,بهاء,male,P180,,,,,,,,,FALSE,resident ,
P195,Mohammad,محمد,male,P180,,,,,,,,,FALSE,resident ,
P196,Alaa,علاء,male,P180,,,,,,,,,FALSE,resident ,
P197,Ayman,أيمن,male,P180,,,,,,,,,FALSE,resident ,
P198,Momen,مؤمن,male,P180,,,,,,,,,FALSE,resident ,
P199,Hadi,هادي,male,P180,,,,,,,,,FALSE,resident ,
P200,Khaled,خالد,male,P194,,,,,,,,,FALSE,resident ,
P201,Yamen,يامن,male,P195,,,,,,,,,FALSE,resident ,
P202,Humam,همام,male,P181,,,,,,,,,FALSE,resident ,
P203,Mohammad,محمد,male,P181,,,,,,,,,FALSE,resident ,
P204,Muath,معاذ,male,P181,,,,,,,,,FALSE,resident ,
P205,Omar,عمر,male,P181,,,,,,,,,FALSE,resident ,
P206,Abdul Rahman,عبد الرحمن,male,P181,,,,,,,,,FALSE,resident ,
P207,Zakaria,زكريا,male,P202,,,,,,,,,FALSE,resident ,
P208,Abdul Rahman,عبد الرحمن,male,P203,,,,,,,,,FALSE,resident ,
P209,Omar,عمر,male,P155,,,,,,,,,FALSE,resident ,
P210,Hilmi,حلمي,male,P209,,,,,,,,,FALSE,non_resident,
P211,Ibrahim,إبراهيم,male,P209,,,,,,,,,FALSE,resident ,
P212,Ahmad (Hazza),أحمد ( هزاع ),male,P209,,,,,,,,,FALSE,resident ,
P213,Bashir,بشير,male,P209,,,,,,,,,FALSE,resident ,
P214,Imad,عماد,male,P209,,,,,,,,,FALSE,resident ,
P215,Mohammad,محمد,male,P209,,,,,,,,,FALSE,resident ,
P216,Ali,علي,male,P209,,,,,,,,,FALSE,resident ,
P217,Omar,عمر,male,P210,,,,,,,,,FALSE,non_resident,
P218,Qusai,قصي,male,P210,,,,,,,,,FALSE,non_resident,
P219,Yasser,ياسر,male,P211,,,,,,,,,FALSE,resident ,
P220,Samer,سامر,male,P211,,,,,,,,,FALSE,resident ,
P221,Mohammad,محمد,male,P211,,,,,,,,,FALSE,resident ,
P222,Omar,عمر,male,P212,,,,,,,,,FALSE,resident ,
P223,Ashraf,أشرف,male,P212,,,,,,,,,FALSE,resident ,
P224,Aysar,أيسر,male,P212,,,,,,,,,FALSE,resident ,
P225,Osama,أسامة,male,P213,,,,,,,,,FALSE,resident ,
P226,Haitham,هيثم,male,P213,,,,,,,,,FALSE,resident ,
P227,Omar,عمر,male,P213,,,,,,,,,FALSE,resident ,
P228,Awni,عوني,male,P214,,,,,,,,,FALSE,resident ,
P229,Mohammad,محمد,male,P214,,,,,,,,,FALSE,resident ,
P230,Omar,عمر,male,P214,,,,,,,,,FALSE,resident ,
P231,Abdul Fattah,عبد الفتاح,male,P215,,,,,,,,,FALSE,resident ,
P232,Omar,عمر,male,P215,,,,,,,,,FALSE,resident ,
P233,Mohammad,محمد,male,P216,,,,,,,,,FALSE,resident ,
P234,Laith,ليث,male,P216,,,,,,,,,FALSE,resident ,
P235,Mohammad,محمد,male,P231,,,,,,,,,FALSE,resident ,
P236,Omar,عمر,male,P219,,,,,,,,,FALSE,resident ,
P237,Mahmoud,محمود,male,P155,,,,,,,,,TRUE,resident ,
P238,Khalil,خليل,male,P237,,,,,,,,,FALSE,resident ,
P239,Mahmoud,محمود,male,P238,,,,,,,,,FALSE,resident ,
P240,Mohammad,محمد,male,P238,,,,,,,,,FALSE,resident ,
P241,Baha,بهاء,male,P238,,,,,,,,,FALSE,resident ,
P242,Ihab,إيهاب,male,P238,,,,,,,,,FALSE,resident ,
P243,Ahmad,أحمد,male,P035,,,,,,,,,TRUE,resident ,
P244,Abdul Karim,عبد الكريم,male,P243,,,,,,,,,TRUE,resident ,
P245,Abdul Hafiz,عبد الحافظ,male,P243,,,,,,,,,TRUE,resident ,
P246,Abdullah,عبدالله,male,P243,,,,,,,,,TRUE,resident ,
P247,Mahmoud,محمود,male,P035,,,,,,,,,TRUE,resident ,
P248,Nimr,نمر,male,P247,,,,,,,,,TRUE,resident ,
P249,Hasan,حسن,male,P035,,,,,,,,,TRUE,resident ,
P250,Saeed,سعيد,male,P249,,,,,,,,,TRUE,non_resident,
P251,Awad,عوض,male,P249,,,,,,,,,FALSE,non_resident,
P252,Ahmad,أحمد,male,P249,,,,,,,,,FALSE,resident ,
P253,Musa,موسى,male,P249,,,,,,,,,TRUE,resident ,
P254,Ahmad,أحمد,male,P244,,,,,,,,,FALSE,non_resident,
P255,Awad,عوض,male,P244,,,,,,,,,FALSE,resident ,
P256,Bashir,بشير,male,P244,,,,,,,,,FALSE,resident ,
P257,Mohammad,محمد,male,P244,,,,,,,,,FALSE,resident ,
P258,Abdullah,عبد الله,male,P254,,,,,,,,,FALSE,non_resident,
P259,Al-Muthanna,المثنى,male,P254,,,,,,,,,FALSE,non_resident,
P260,Jad,جاد,male,P255,,,,,,,,,FALSE,resident ,
P261,Ahmad,أحمد,male,P255,,,,,,,,,FALSE,resident ,
P262,Moeen,معين,male,P255,,,,,,,,,FALSE,resident ,
P263,Fakhr al-Din,فخر الدين,male,P256,,,,,,,,,FALSE,resident ,
P264,Habib,حبيب,male,P257,,,,,,,,,FALSE,resident ,
P265,Murad,مراد,male,P245,,,,,,,,,FALSE,resident ,
P266,Musa,موسى,male,P245,,,,,,,,,FALSE,resident ,
P267,Bahij,بهيج,male,P245,,,,,,,,,FALSE,resident ,
P268,Ahmad,أحمد,male,P245,,,,,,,,,FALSE,resident ,
P269,Ibrahim,إبراهيم,male,P246,,,,,,,,,FALSE,non_resident,
P270,Mohammad,محمد,male,P246,,,,,,,,,FALSE,non_resident,
P271,Mahmoud,محمود,male,P246,,,,,,,,,FALSE,non_resident,
P272,Mohammad,محمد,male,P269,,,,,,,,,FALSE,non_resident,
P273,Mahmoud,محمود,male,P269,,,,,,,,,FALSE,non_resident,
P274,Abdullah,عبدالله,male,P271,,,,,,,,,FALSE,non_resident,
P275,Abdullah,عبدالله,male,P270,,,,,,,,,FALSE,non_resident,
P276,Hasan,حسن,male,P250,,,,,,,,,FALSE,non_resident,
P277,Jihad,جهاد,male,P250,,,,,,,,,FALSE,non_resident,
P278,Abdullah,عبدالله,male,P250,,,,,,,,,FALSE,non_resident,
P279,Mohammad,محمد,male,P250,,,,,,,,,FALSE,non_resident,
P280,Ammar,عمار,male,P277,,,,,,,,,FALSE,non_resident,
P281,Saeed,سعيد,male,P277,,,,,,,,,FALSE,non_resident,
P282,Saeed,سعيد,male,P276,,,,,,,,,FALSE,non_resident,
P283,Ahmad,أحمد,male,P276,,,,,,,,,FALSE,non_resident,
P284,Mohammad,محمد,male,P278,,,,,,,,,FALSE,non_resident,
P285,Yousef,يوسف,male,P278,,,,,,,,,FALSE,non_resident,
P286,Abdullah,عبدالله,male,P251,,,,,,,,,FALSE,non_resident,
P287,Mohammad,محمد,male,P251,,,,,,,,,FALSE,non_resident,
P288,Mutaz,معتز,male,P252,,,,,,,,,FALSE,resident ,
P289,Hasan,حسن,male,P252,,,,,,,,,FALSE,resident ,
P290,Rami,رامي,male,P252,,,,,,,,,FALSE,resident ,
P291,Mohammad,محمد,male,P252,,,,,,,,,FALSE,resident ,
P292,Karim,كريم,male,P253,,,,,,,,,FALSE,resident ,
P293,Ahmad,أحمد,male,P253,,,,,,,,,FALSE,resident ,
P294,Hasan,حسن,male,P253,,,,,,,,,FALSE,resident ,
P295,Mohammad,محمد,male,P253,,,,,,,,,FALSE,resident ,
P296,Mahmoud,محمود,male,P247,,,,,,,,,FALSE,resident ,
P297,Iyad,عياد,male,P247,,,,,,,,,FALSE,resident ,
P298,Ibrahim,إبراهيم,male,P247,,,,,,,,,FALSE,resident ,
P299,Ayed,عايد,male,P247,,,,,,,,,FALSE,resident ,
P300,Issam,عصام,male,P247,,,,,,,,,FALSE,resident ,
P301,Ali,علي,male,P247,,,,,,,,,FALSE,resident ,
P302,Shaheen,شاهين,male,P247,,,,,,,,,FALSE,resident ,
P303,Suhail,سهيل,male,P296,,,,,,,,,FALSE,resident ,
P304,Mohammad,محمد,male,P296,,,,,,,,,FALSE,resident ,
P305,Nimr,نمر,male,P297,,,,,,,,,FALSE,resident ,
P306,Alaa,علاء,male,P297,,,,,,,,,FALSE,resident ,
P307,Islam,إسلام,male,P297,,,,,,,,,FALSE,resident ,
P308,Iyad,عياد,male,P305,,,,,,,,,FALSE,resident ,
P309,Ahmad,أحمد,male,P306,,,,,,,,,FALSE,resident ,
P310,Mutaz,معتز,male,P298,,,,,,,,,FALSE,resident ,
P311,Osama,أسامة,male,P298,,,,,,,,,FALSE,resident ,
P312,Mohammad,محمد,male,P298,,,,,,,,,FALSE,resident ,
P313,Haitham,هيثم,male,P298,,,,,,,,,FALSE,resident ,
P314,Ahed,عهد,male,P299,,,,,,,,,FALSE,resident ,
P315,Ahmad,أحمد,male,P299,,,,,,,,,FALSE,resident ,
P316,Yamen,يامن,male,P302,,,,,,,,,FALSE,resident ,
P317,Abdullah,عبد الله,male,P033,,,,,,,,,TRUE,resident ,
P318,Qasim,قاسم,male,P317,,,,,,,,,TRUE,resident ,
P319,Salameh,سلامة,male,P318,,,,,,,,,TRUE,non_resident,
P320,Ibrahim,إبراهيم,male,P318,,,,,,,,,FALSE,resident ,
P321,Mohammad,محمد,male,P318,,,,,,,,,FALSE,resident ,
P322,Qasim,قاسم,male,P319,,,,,,,,,FALSE,non_resident,
P323,Muheeb,مهيب,male,P319,,,,,,,,,FALSE,non_resident,
P324,Salameh,سلامة,male,P322,,,,,,,,,FALSE,non_resident,
P325,Mohammad,محمد,male,P322,,,,,,,,,FALSE,non_resident,
P326,Muheeb,مهيب,male,P322,,,,,,,,,FALSE,non_resident,
P327,Zaid,زيد,male,P323,,,,,,,,,FALSE,non_resident,
P328,Fares,فارس,male,P323,,,,,,,,,FALSE,non_resident,
P329,Mohammad,محمد,male,P320,,,,,,,,,FALSE,resident ,
P330,Ibrahim,إبراهيم,male,P329,,,,,,,,,FALSE,resident ,
P331,Mohammad,محمد,male,P318,,,,,,,,,FALSE,resident ,
P332,Hudhayfa,حذيفة,male,P331,,,,,,,,,FALSE,resident ,
P333,Qasim,قاسم,male,P331,,,,,,,,,FALSE,resident ,
P334,Ahmad,أحمد,male,P331,,,,,,,,,FALSE,resident ,
P335,Mahmoud,محمود,male,P034,,,,,,,,,TRUE,resident ,
P336,Khader,خضر,male,P034,,,,,,,,,TRUE,resident ,
P337,Subhi,صبحي,male,P335,,,,,,,,,TRUE,non_resident,
P338,Mahmoud,محمود,male,P337,,,,,,,,,FALSE,non_resident,
P339,Marwan,مروان,male,P337,,,,,,,,,FALSE,non_resident,
P340,Mujahid,مجاهد,male,P337,,,,,,,,,FALSE,non_resident,
P341,Subhi,صبحي,male,P338,,,,,,,,,FALSE,non_resident,
P342,Omar,عمر,male,P338,,,,,,,,,FALSE,non_resident,
P343,Mustafa,مصطفى,male,P339,,,,,,,,,FALSE,non_resident,
P344,Malik,مالك,male,P339,,,,,,,,,FALSE,non_resident,
P345,Imad,عماد,male,P340,,,,,,,,,FALSE,non_resident,
P346,Laith,ليث,male,P340,,,,,,,,,FALSE,non_resident,
P347,Fouad,فؤاد,male,P335,,,,,,,,,FALSE,non_resident,
P348,Adnan,عدنان,male,P347,,,,,,,,,FALSE,non_resident,
P349,Walid,وليد,male,P347,,,,,,,,,FALSE,resident ,
P350,Mahmoud,محمود,male,P347,,,,,,,,,FALSE,resident ,
P351,Amjad,أمجد,male,P347,,,,,,,,,FALSE,resident ,
P352,Majed,ماجد,male,P347,,,,,,,,,FALSE,resident ,
P353,Mazen,مازن,male,P347,,,,,,,,,FALSE,resident ,
P354,Fouad,فؤاد,male,P348,,,,,,,,,FALSE,non_resident,
P355,Fadi,فادي,male,P348,,,,,,,,,FALSE,non_resident,
P356,Fouad,فؤاد,male,P349,,,,,,,,,FALSE,resident ,
P357,Khaled,خالد,male,P349,,,,,,,,,FALSE,resident ,
P358,Mohammad,محمد,male,P349,,,,,,,,,FALSE,resident ,
P359,Iyad,إياد,male,P349,,,,,,,,,FALSE,resident ,
P360,Walid,وليد,male,P356,,,,,,,,,FALSE,resident ,
P361,Mohammad,محمد,male,P350,,,,,,,,,FALSE,resident ,
P362,Basim,بسيم,male,P350,,,,,,,,,FALSE,resident ,
P363,Diaa,ضياء,male,P350,,,,,,,,,FALSE,resident ,
P364,Baha,بهاء,male,P350,,,,,,,,,FALSE,resident ,
P365,Fouad,فؤاد,male,P350,,,,,,,,,FALSE,resident ,
P366,Ayman,أيمن,male,P350,,,,,,,,,FALSE,resident ,
P367,Murad,مراد,male,P350,,,,,,,,,FALSE,resident ,
P368,Raed,رائد,male,P352,,,,,,,,,FALSE,resident ,
P369,Saed,سائد,male,P352,,,,,,,,,FALSE,resident ,
P370,Amr,عمرو,male,P352,,,,,,,,,FALSE,resident ,
P371,Abdullah,عبدالله,male,P351,,,,,,,,,FALSE,resident ,
P372,Fouad,فؤاد,male,P351,,,,,,,,,FALSE,resident ,
P373,Karim,كريم,male,P351,,,,,,,,,FALSE,resident ,
P374,Noor,نور,male,P351,,,,,,,,,FALSE,resident ,
P375,Samer,سامر,male,P353,,,,,,,,,FALSE,resident ,
P376,Ahmad,أحمد,male,P353,,,,,,,,,FALSE,resident ,
P377,Mohammad,محمد,male,P353,,,,,,,,,FALSE,resident ,
P378,Joud,جود,male,P353,,,,,,,,,FALSE,resident ,
P379,Mustafa,مصطفى,male,P027,,,,,,,,,TRUE,resident ,
P380,Jamil,جميل,male,P379,,,,,,,,,TRUE,resident ,
P381,Amin,أمين,male,P379,,,,,,,,,TRUE,resident ,
P382,Abdul Aziz,عبد العزيز,male,P379,,,,,,,,,TRUE,resident ,
P383,Abdul Karim,عبد الكريم,male,P379,,,,,,,,,TRUE,resident ,
P384,Mohammad,محمد,male,P381,,,,,,,,,FALSE,non_resident,محمد ذييب
P385,Amin,أمين,male,P384,,,,,,,,,FALSE,non_resident,
P386,Yousef,يوسف,male,P384,,,,,,,,,FALSE,non_resident,
P387,Ahmad,أحمد,male,P384,,,,,,,,,FALSE,non_resident,
P388,Qais,قيس,male,P384,,,,,,,,,FALSE,non_resident,
P389,Ahmad,أحمد,male,P381,,,,,,,,,FALSE,non_resident,
P390,Tariq,طارق,male,P389,,,,,,,,,FALSE,non_resident,
P391,Mustafa,مصطفى,male,P389,,,,,,,,,FALSE,non_resident,
P392,Zaid,زيد,male,P389,,,,,,,,,FALSE,non_resident,
P393,Hatem,حاتم,male,P381,,,,,,,,,FALSE,resident ,
P394,Majd,مجد,male,P393,,,,,,,,,FALSE,resident ,
P395,Mustafa,مصطفى,male,P381,,,,,,,,,FALSE,resident ,
P396,Ahmad,أحمد,male,P395,,,,,,,,,FALSE,resident ,
P397,Bilal,بلال,male,P395,,,,,,,,,FALSE,resident ,
P398,Osama,أسامة,male,P395,,,,,,,,,FALSE,resident ,
P399,Dawood,داوود,male,P381,,,,,,,,,FALSE,resident ,
P400,Ihab,إيهاب,male,P399,,,,,,,,,FALSE,resident ,
P401,Muheeb,مهيب,male,P399,,,,,,,,,FALSE,resident ,
P402,Mohammad,محمد,male,P399,,,,,,,,,FALSE,resident ,
P403,Mustafa,مصطفى,male,P382,,,,,,,,,FALSE,resident ,
P404,Abdullah,عبد الله,male,P403,,,,,,,,,FALSE,resident ,
P405,Aziz,عزيز,male,P403,,,,,,,,,FALSE,resident ,
P406,Khaled,خالد,male,P383,,,,,,,,,FALSE,resident ,
P407,Jihad,جهاد,male,P383,,,,,,,,,FALSE,non_resident,
P408,Mustafa,مصطفى,male,P383,,,,,,,,,FALSE,non_resident,
P409,Yousef,يوسف,male,P383,,,,,,,,,FALSE,resident ,
P410,Mahmoud,محمود,male,P406,,,,,,,,,FALSE,resident ,
P411,Karam,كرم,male,P406,,,,,,,,,FALSE,resident ,
P412,Rashid,رشيد,male,P027,,,,,,,,,TRUE,resident ,
P413,Abdul Salam,عبد السلام,male,P412,,,,,,,,,TRUE,resident ,
P414,Jawad,جواد,male,P413,,,,,,,,,FALSE,non_resident,
P415,Tariq,طارق,male,P414,,,,,,,,,FALSE,non_resident,
P416,Karam,كرم,male,P414,,,,,,,,,FALSE,non_resident,
P417,Iyad,إياد,male,P413,,,,,,,,,TRUE,resident ,
P418,Samer,سامر,male,P417,,,,,,,,,FALSE,resident ,
P419,Osama,أسامة,male,P417,,,,,,,,,FALSE,resident ,
P420,Amjad,أمجد,male,P417,,,,,,,,,FALSE,resident ,
P421,Usaid,أسيد,male,P417,,,,,,,,,FALSE,resident ,
P422,Jihad,جهاد,male,P413,,,,,,,,,FALSE,non_resident,
P423,Rami,رامي,male,P422,,,,,,,,,FALSE,non_resident,
P424,Omar,عمر,male,P422,,,,,,,,,FALSE,non_resident,
P425,Hussam,حسام,male,P422,,,,,,,,,FALSE,non_resident,
P426,Abdul Latif,عبد اللطيف,male,P412,,,,,,,,,TRUE,non_resident,
P427,Iyad,إياد,male,P426,,,,,,,,,FALSE,non_resident,
P428,Jihad,جهاد,male,P426,,,,,,,,,FALSE,non_resident,
P429,Ahmad,أحمد,male,P426,,,,,,,,,FALSE,non_resident,
P430,Hamad,حمد,male,P426,,,,,,,,,FALSE,non_resident,
P431,Rushdi,رشدي,male,P426,,,,,,,,,FALSE,non_resident,
P432,Baha al-Din,بهاء الدين,male,P412,,,,,,,,,FALSE,non_resident,
P433,Rashid,رشيد,male,P432,,,,,,,,,FALSE,non_resident,
P434,Samer,سامر,male,P432,,,,,,,,,FALSE,non_resident,
P435,Yasser,ياسر,male,P432,,,,,,,,,FALSE,non_resident,
P436,Thaer,ثائر,male,P432,,,,,,,,,FALSE,non_resident,
P437,Bassam,بسام,male,P432,,,,,,,,,FALSE,non_resident,
P438,Bassem,باسم,male,P432,,,,,,,,,FALSE,non_resident,
P439,Baha,بهاء,male,P433,,,,,,,,,FALSE,non_resident,
P440,Mohammad,محمد,male,P433,,,,,,,,,FALSE,non_resident,
P441,Abdullah,عبدالله,male,P434,,,,,,,,,FALSE,non_resident,
P442,Abdul Rahman,عبد الرحمن,male,P435,,,,,,,,,FALSE,non_resident,
P443,Baha al-Din,بهاء الدين,male,P435,,,,,,,,,FALSE,non_resident,
P444,Rashid,رشيد,male,P436,,,,,,,,,FALSE,non_resident,
P445,Baha al-Din,بهاء الدين,male,P436,,,,,,,,,FALSE,non_resident,
P446,Mohammad,محمد,male,P436,,,,,,,,,FALSE,non_resident,
P447,Ahmad,أحمد,male,P436,,,,,,,,,FALSE,non_resident,
P448,Adam,آدم,male,P437,,,,,,,,,FALSE,non_resident,
P449,Abdul Bari,عبدالباري,male,P437,,,,,,,,,FALSE,non_resident,
P450,Mohammad,محمد,male,P412,,,,,,,,,FALSE,resident ,
P451,Firas,فراس,male,P450,,,,,,,,,FALSE,non_resident,
P452,Mohammad,محمد,male,P451,,,,,,,,,FALSE,non_resident,
P453,Karam,كرم,male,P451,,,,,,,,,FALSE,non_resident,
P454,Laith,ليث,male,P451,,,,,,,,,FALSE,non_resident,
P455,Iyas,إياس,male,P450,,,,,,,,,FALSE,non_resident,
P456,Yousef,يوسف,male,P455,,,,,,,,,FALSE,non_resident,
P457,Mohammad,محمد,male,P455,,,,,,,,,FALSE,non_resident,
P458,Anas,أنس,male,P455,,,,,,,,,FALSE,non_resident,
P459,Bashar,بشار,male,P450,,,,,,,,,FALSE,resident ,
P460,Rida,رضا,male,P459,,,,,,,,,FALSE,resident ,
P461,Abdul Rahman,عبد الرحمن,male,P027,,,,,,,,,TRUE,resident ,
P462,Yousef,يوسف,male,P461,,,,,,,,,TRUE,resident ,
P463,Abdul Fattah,عبد الفتاح,male,P462,,,,,,,,,FALSE,resident ,
P464,Yousef,يوسف,male,P463,,,,,,,,,FALSE,resident ,
P465,Ibrahim,إبراهيم,male,P461,,,,,,,,,FALSE,resident ,
P466,Shadi,شادي,male,P465,,,,,,,,,FALSE,resident ,
P467,Fadi,فادي,male,P465,,,,,,,,,FALSE,resident ,
P468,Nidal,نضال,male,P465,,,,,,,,,FALSE,resident ,
P469,Abdul Rahman,عبد الرحمن,male,P465,,,,,,,,,FALSE,resident ,
P470,Ibrahim,إبراهيم,male,P466,,,,,,,,,FALSE,resident ,
P471,Karam,كرم,male,P466,,,,,,,,,FALSE,resident ,
P472,Yamen,يامن,male,P467,,,,,,,,,FALSE,resident ,
P473,Wadih,وديع,male,P468,,,,,,,,,FALSE,resident ,
P474,Jamal,جمال,male,P461,,,,,,,,,FALSE,resident ,
P475,Thaer,ثائر,male,P474,,,,,,,,,FALSE,resident ,
P476,Suleiman,سليمان,male,P474,,,,,,,,,FALSE,resident ,
P477,Mutaz,معتز,male,P474,,,,,,,,,FALSE,resident ,
P478,Baybars,بيبرس,male,P474,,,,,,,,,FALSE,resident ,
P479,Nur al-Din Zengi,نور الدين زنكي,male,P474,,,,,,,,,FALSE,resident ,
P480,Jamil,جميل,male,P461,,,,,,,,,FALSE,resident ,
P481,Adham,أدهم,male,P480,,,,,,,,,FALSE,resident ,
P482,Anas,أنس,male,P480,,,,,,,,,FALSE,resident ,
P483,Amir,أمير,male,P480,,,,,,,,,FALSE,resident ,
P484,Jamil,جميل,male,P481,,,,,,,,,FALSE,resident ,
P485,Ali,علي,male,P027,,,,,,,,,TRUE,resident ,
P486,Suleiman,سليمان,male,P485,,,,,,,,,TRUE,resident ,
P487,Ali,علي,male,P486,,,,,,,,,FALSE,non_resident,
P488,Muhannad,مهند,male,P486,,,,,,,,,FALSE,non_resident,
P489,Mohammad,محمد,male,P027,,,,,,,,,TRUE,resident ,
P490,Zuhair,زهير,male,P489,,,,,,,,,TRUE,resident ,
P491,Mohammad,محمد,male,P490,,,,,,,,,TRUE,resident ,
P492,Zuhair,زهير,male,P491,,,,,,,,,FALSE,resident ,
P493,Ahmad,أحمد,male,P491,,,,,,,,,FALSE,resident ,
P494,Muhannad,مهند,male,P490,,,,,,,,,FALSE,resident ,
P495,Anan,عنان,male,P494,,,,,,,,,FALSE,resident ,
P496,Omar,عمر,male,P494,,,,,,,,,FALSE,resident ,
P497,Obada,عبادة,male,P494,,,,,,,,,FALSE,resident ,
P498,Alaa,علاء,male,P490,,,,,,,,,FALSE,resident ,
P499,Bakr,بكر,male,P490,,,,,,,,,FALSE,resident ,
P500,Issa,عيسى,male,P029,,,,,,,,,TRUE,resident ,
P501,Qasim,قاسم,male,P500,,,,,,,,,TRUE,resident ,
P502,Wasif,واصف,male,P501,,,,,,,,,TRUE,non_resident,
P503,Rateb,راتب,male,P501,,,,,,,,,TRUE,resident ,
P504,Qasim,قاسم,male,P503,,,,,,,,,FALSE,resident ,
P505,Ahmad,أحمد,male,P503,,,,,,,,,FALSE,non_resident,
P506,Abdullah,عبد الله,male,P503,,,,,,,,,FALSE,resident ,
P507,Rateb,راتب,male,P504,,,,,,,,,FALSE,resident ,
P508,Hamza,حمزة,male,P504,,,,,,,,,FALSE,resident ,
P509,Ali,علي,male,P506,,,,,,,,,FALSE,resident ,
P510,Firas,فراس,male,P501,,,,,,,,,FALSE,resident ,
P511,Issa,عيسى,male,P510,,,,,,,,,FALSE,resident ,
P512,Urwa,عروة,male,P510,,,,,,,,,FALSE,resident ,
P513,Awni,عوني,male,P510,,,,,,,,,FALSE,resident ,
P514,Firas,فراس,male,P511,,,,,,,,,FALSE,resident ,
P515,Mohammad,محمد,male,P500,,,,,,,,,TRUE,resident ,
P516,Hani,هاني,male,P515,,,,,,,,,FALSE,resident ,
P517,Mohammad,محمد,male,P516,,,,,,,,,FALSE,resident ,
P518,Hisham,هشام,male,P516,,,,,,,,,FALSE,resident ,
P519,Mamoun,مأمون,male,P516,,,,,,,,,FALSE,resident ,
P520,Haitham,هيثم,male,P516,,,,,,,,,FALSE,resident ,
P521,Odeh,عودة,male,P515,,,,,,,,,FALSE,resident ,
P522,Ammar,عمار,male,P521,,,,,,,,,FALSE,resident ,
P523,Mohammad,محمد,male,P521,,,,,,,,,FALSE,resident ,
P524,Omar,عمر,male,P521,,,,,,,,,FALSE,resident ,
P525,Issa,عيسى,male,P515,,,,,,,,,FALSE,resident ,
P526,Baha,بهاء,male,P525,,,,,,,,,FALSE,resident ,
P527,Mohammad,محمد,male,P525,,,,,,,,,FALSE,resident ,
P528,Ihab,إيهاب,male,P525,,,,,,,,,FALSE,resident ,
P529,Amr,عمرو,male,P525,,,,,,,,,FALSE,resident ,
P530,Mohammad,محمد,male,P029,,,,,,,,,TRUE,resident ,
P531,Dawood,داوود,male,P530,,,,,,,,,TRUE,resident ,
P532,Mohammad,محمد,male,P531,,,,,,,,,TRUE,resident ,فارس
P533,Dawood,داوود,male,P532,,,,,,,,,FALSE,resident ,
P534,Mohammad,محمد,male,P533,,,,,,,,,FALSE,resident ,
P535,Muhannad,مهند,male,P533,,,,,,,,,FALSE,resident ,
P536,Maazouz,معزوز,male,P532,,,,,,,,,FALSE,resident ,
P537,Tariq,طارق,male,P536,,,,,,,,,FALSE,resident ,
P538,Mohammad,محمد,male,P536,,,,,,,,,FALSE,resident ,
P539,Baraa,براء,male,P536,,,,,,,,,FALSE,resident ,
P540,Atheer,أثير,male,P536,,,,,,,,,FALSE,resident ,
P541,Jamil,جميل,male,P536,,,,,,,,,FALSE,resident ,
P542,Imad,عماد,male,P532,,,,,,,,,FALSE,resident ,
P543,Aws,أوس,male,P542,,,,,,,,,FALSE,resident ,
P544,Iyad,إياد,male,P532,,,,,,,,,FALSE,resident ,
P545,Tamer,تامر,male,P544,,,,,,,,,FALSE,resident ,
P546,Ruwaid,رويد,male,P544,,,,,,,,,FALSE,resident ,
P547,Mohammad,محمد,male,P544,,,,,,,,,FALSE,resident ,
P548,Aysam,أيسم,male,P544,,,,,,,,,FALSE,resident ,
P549,Tariq,طارق,male,P544,,,,,,,,,FALSE,resident ,
P550,Moayad,مؤيد,male,P532,,,,,,,,,FALSE,resident ,
P551,Rani,راني,male,P550,,,,,,,,,FALSE,resident ,
P552,Rami,رامي,male,P550,,,,,,,,,FALSE,resident ,
P553,Ahmad,أحمد,male,P550,,,,,,,,,FALSE,resident ,
P554,Mohammad,محمد,male,P550,,,,,,,,,FALSE,resident ,
P555,Nihad,نهاد,male,P532,,,,,,,,,FALSE,resident ,
P556,Qusai,قصي,male,P532,,,,,,,,,FALSE,resident ,
P557,Jamil,جميل,male,P531,,,,,,,,,TRUE,resident ,
P558,Nimr,نمر,male,P531,,,,,,,,,FALSE,non_resident,
P559,Iyad,إياد,male,P558,,,,,,,,,FALSE,resident ,
P560,Jihad,جهاد,male,P558,,,,,,,,,FALSE,non_resident,
P561,Mohammad,محمد,male,P558,,,,,,,,,FALSE,non_resident,
P562,Ahmad,أحمد,male,P558,,,,,,,,,FALSE,non_resident,
P563,Omar,عمر,male,P561,,,,,,,,,FALSE,resident ,
P564,Adam,آدم,male,P531,,,,,,,,,FALSE,non_resident,
P565,Rami,رامي,male,P564,,,,,,,,,FALSE,non_resident,
P566,Radi,راضي,male,P564,,,,,,,,,FALSE,non_resident,
P567,Raafat,رأفت,male,P564,,,,,,,,,FALSE,non_resident,
P568,Darwish,درويش,male,P531,,,,,,,,,FALSE,resident ,
P569,Osama,أسامة,male,P568,,,,,,,,,FALSE,resident ,
P570,Samer,سامر,male,P568,,,,,,,,,FALSE,resident ,
P571,Ahmad,أحمد,male,P568,,,,,,,,,FALSE,resident ,
P572,Muhyi,محيي,male,P531,,,,,,,,,FALSE,resident ,
P573,Uday,عدي,male,P572,,,,,,,,,FALSE,resident ,
P574,Luay,لؤي,male,P572,,,,,,,,,FALSE,resident ,
P575,Mohammad,محمد,male,P572,,,,,,,,,FALSE,resident ,
P576,Omar,عمر,male,P029,,,,,,,,,TRUE,resident ,
P577,Sidqi,صدقي,male,P576,,,,,,,,,TRUE,resident ,
P578,Omar,عمر,male,P577,,,,,,,,,FALSE,resident ,
P579,Yousef,يوسف,male,P577,,,,,,,,,FALSE,resident ,
P580,Mohammad,محمد,male,P576,,,,,,,,,FALSE,resident ,
P581,Ahmad,أحمد,male,P576,,,,,,,,,FALSE,resident ,
P582,Yaqoub,يعقوب,male,P576,,,,,,,,,FALSE,resident ,
P583,Sidqi,صدقي,male,P578,,,,,,,,,FALSE,resident ,
P584,Qasim,قاسم,male,P580,,,,,,,,,FALSE,resident ,
P585,Rami,رامي,male,P580,,,,,,,,,FALSE,resident ,
P586,Baraa,براء,male,P581,,,,,,,,,FALSE,resident ,
P587,Baha,بهاء,male,P581,,,,,,,,,FALSE,resident ,
P588,Saeed,سعيد,male,P030,,,,,,,,,TRUE,resident ,
P589,Ismail,إسماعيل,male,P588,,,,,,,,,TRUE,non_resident,
P590,Ibrahim,إبراهيم,male,P589,,,,,,,,,FALSE,non_resident,
P591,Burhan,برهان,male,P589,,,,,,,,,FALSE,non_resident,
P592,Marwan,مروان,male,P589,,,,,,,,,FALSE,non_resident,
P593,Ayman,أيمن,male,P589,,,,,,,,,FALSE,non_resident,
P594,Abdullah,عبد الله,male,P589,,,,,,,,,FALSE,non_resident,
P595,Ismail,إسماعيل,male,P590,,,,,,,,,FALSE,non_resident,
P596,Omar,عمر,male,P590,,,,,,,,,FALSE,non_resident,
P597,Amer,عامر,male,P590,,,,,,,,,FALSE,non_resident,
P598,Nizar,نزار,male,P591,,,,,,,,,FALSE,non_resident,
P599,Qais,قيس,male,P591,,,,,,,,,FALSE,non_resident,
P600,Hamza,حمزة,male,P591,,,,,,,,,FALSE,non_resident,
P601,Saeed,سعيد,male,P592,,,,,,,,,FALSE,non_resident,
P602,Ahmad,أحمد,male,P592,,,,,,,,,FALSE,non_resident,
P603,Mutasim,معتصم,male,P592,,,,,,,,,FALSE,non_resident,
P604,Ahmad,أحمد,male,P593,,,,,,,,,FALSE,non_resident,
P605,Mohammad,محمد,male,P593,,,,,,,,,FALSE,non_resident,
P606,Karim,كريم,male,P593,,,,,,,,,FALSE,non_resident,
P607,Zaid,زيد,male,P594,,,,,,,,,FALSE,non_resident,
P608,Karam,كرم,male,P594,,,,,,,,,FALSE,non_resident,
P609,Yousef,يوسف,male,P588,,,,,,,,,TRUE,non_resident,
P610,Issam,عصام,male,P609,,,,,,,,,FALSE,non_resident,
P611,Yousef,يوسف,male,P610,,,,,,,,,FALSE,non_resident,
P612,Muhannad,مهند,male,P610,,,,,,,,,FALSE,non_resident,
P613,Basel,باسل,male,P610,,,,,,,,,FALSE,non_resident,
P614,Haitham,هيثم,male,P609,,,,,,,,,FALSE,non_resident,
P615,Bashar,بشار,male,P614,,,,,,,,,FALSE,non_resident,
P616,Saeed,سعيد,male,P609,,,,,,,,,FALSE,non_resident,
P617,Tariq,طارق,male,P616,,,,,,,,,FALSE,non_resident,
P618,Omar,عمر,male,P616,,,,,,,,,FALSE,non_resident,
P619,Karam,كرم,male,P616,,,,,,,,,FALSE,non_resident,
P620,Mohammad,محمد,male,P609,,,,,,,,,FALSE,non_resident,
P621,Omar,عمر,male,P620,,,,,,,,,FALSE,non_resident,
P622,Walid,وليد,male,P620,,,,,,,,,FALSE,non_resident,
P623,Saed,سائد,male,P609,,,,,,,,,FALSE,non_resident,
P624,Alaa,علاء,male,P609,,,,,,,,,FALSE,non_resident,
P625,Imad,عماد,male,P609,,,,,,,,,FALSE,non_resident,
P626,Adel,عادل,male,P031,,,,,,,,,TRUE,resident ,
P627,Ahmad,أحمد,male,P626,,,,,,,,,TRUE,non_resident,
P628,Adel,عادل,male,P627,,,,,,,,,TRUE,non_resident,
P629,Ahmad,أحمد,male,P628,,,,,,,,,FALSE,non_resident,
P630,Walid,وليد,male,P628,,,,,,,,,FALSE,non_resident,
P631,Mohammad,محمد,male,P628,,,,,,,,,FALSE,non_resident,
P632,Adli,عدلي,male,P627,,,,,,,,,FALSE,non_resident,
P633,Hazem,حازم,male,P632,,,,,,,,,FALSE,non_resident,
P634,Ayham,أيهم,male,P632,,,,,,,,,FALSE,non_resident,
P635,Karam,كرم,male,P632,,,,,,,,,FALSE,non_resident,
P636,Omar,عمر,male,P632,,,,,,,,,FALSE,non_resident,
P637,Hazem,حازم,male,P629,,,,,,,,,TRUE,non_resident,
P638,Hussam,حسام,male,P627,,,,,,,,,FALSE,non_resident,
P639,Khaled,خالد,male,P638,,,,,,,,,FALSE,non_resident,
P640,Ibrahim,إبراهيم,male,P626,,,,,,,,,FALSE,non_resident,
P641,Ihab,إيهاب,male,P640,,,,,,,,,FALSE,non_resident,
P642,Ibrahim,إبراهيم,male,P641,,,,,,,,,FALSE,non_resident,
P643,Omar,عمر,male,P641,,,,,,,,,FALSE,non_resident,
P644,Abdul Rahman,عبد الرحمن,male,P641,,,,,,,,,FALSE,non_resident,
P645,Iyad,إياد,male,P640,,,,,,,,,FALSE,non_resident,
P646,Ahmad,أحمد,male,P645,,,,,,,,,FALSE,non_resident,
P647,Ihab,إيهاب,male,P645,,,,,,,,,FALSE,non_resident,
P648,Sufyan,سفيان,male,P626,,,,,,,,,FALSE,non_resident,
P649,Mohammad,محمد,male,P648,,,,,,,,,FALSE,non_resident,
P650,Jamal,جمال,male,P626,,,,,,,,,FALSE,resident ,
P651,Basel,باسل,male,P650,,,,,,,,,FALSE,resident ,
P652,Mohammad,محمد,male,P650,,,,,,,,,FALSE,resident ,
P653,Joud,جود,male,P651,,,,,,,,,FALSE,resident ,
P654,Jamil,جميل,male,P626,,,,,,,,,FALSE,resident ,
P655,Raed,رائد,male,P654,,,,,,,,,FALSE,resident ,
P656,Khattab,خطاب,male,P654,,,,,,,,,FALSE,resident ,
P657,Walid,وليد,male,P655,,,,,,,,,FALSE,resident ,
P658,Marwan,مروان,male,P626,,,,,,,,,FALSE,resident ,
P659,Alaa,علاء,male,P658,,,,,,,,,FALSE,resident ,
P660,Adel,عادل,male,P658,,,,,,,,,FALSE,resident ,
P661,Omar,عمر,male,P658,,,,,,,,,FALSE,resident ,
P662,Mohammad,محمد,male,P658,,,,,,,,,FALSE,resident ,
P663,Kinan,كنان,male,P658,,,,,,,,,FALSE,resident ,
P664,Marwan,مروان,male,P659,,,,,,,,,FALSE,resident ,
P665,Omar,عمر,male,P660,,,,,,,,,FALSE,resident ,
P666,Ibrahim,إبراهيم,male,P031,,,,,,,,,TRUE,resident ,
P667,Hussein,حسين,male,P024,,,,,,,,,TRUE,resident ,
P668,Mohammad,محمد,male,P667,,,,,,,,,TRUE,resident ,
P669,Ahmad,أحمد,male,P667,,,,,,,,,FALSE,resident ,
P670,Rizq,رزق,male,P667,,,,,,,,,FALSE,resident ,
P671,Nasser,ناصر,male,P667,,,,,,,,,FALSE,resident ,
P672,Khaled,خالد,male,P667,,,,,,,,,FALSE,resident ,
P673,Hussein,حسين,male,P668,,,,,,,,,FALSE,resident ,
P674,Jad,جاد,male,P668,,,,,,,,,FALSE,resident ,
P675,Jarir,جرير,male,P668,,,,,,,,,FALSE,resident ,
P676,Tariq,طارق,male,P668,,,,,,,,,FALSE,resident ,
P677,Samer,سامر,male,P668,,,,,,,,,FALSE,resident ,
P678,Raul,راؤول,male,P669,,,,,,,,,FALSE,resident ,
P679,Omar,عمر,male,P669,,,,,,,,,FALSE,resident ,
P680,Hasan,حسن,male,P669,,,,,,,,,FALSE,resident ,
P681,Haitham,هيثم,male,P670,,,,,,,,,FALSE,resident ,
P682,Hussein,حسين,male,P670,,,,,,,,,FALSE,resident ,
P683,Hasan,حسن,male,P670,,,,,,,,,FALSE,resident ,
P684,Husni,حسني,male,P670,,,,,,,,,FALSE,resident ,
P685,Jihad,جهاد,male,P671,,,,,,,,,FALSE,resident ,
P686,Nihad,نهاد,male,P671,,,,,,,,,FALSE,resident ,
P687,Amr,عمرو,male,P671,,,,,,,,,FALSE,resident ,
P688,Hussein,حسين,male,P671,,,,,,,,,FALSE,resident ,
P689,Zain al-Din,زين الدين,male,P671,,,,,,,,,FALSE,resident ,
P690,Alaa al-Din,علاء الدين,male,P672,,,,,,,,,FALSE,resident ,
P691,Amir,أمير,male,P672,,,,,,,,,FALSE,resident ,
P692,Hector,هكتور,male,P673,,,,,,,,,FALSE,non_resident,
P693,Amir,أمير,male,P674,,,,,,,,,FALSE,resident ,
P694,Abdul Nasser,عبدالناصر,male,P685,,,,,,,,,FALSE,resident ,
P695,Husni,حسني,male,P024,,,,,,,,,TRUE,resident ,
P696,Ribhi,ربحي,male,P695,,,,,,,,,FALSE,resident ,
P697,Dawood,داوود,male,P695,,,,,,,,,FALSE,resident ,
P698,Husni,حسني,male,P696,,,,,,,,,FALSE,resident ,
P699,Mohammad,محمد,male,P696,,,,,,,,,FALSE,resident ,
P700,Malik,ملك,male,P696,,,,,,,,,FALSE,resident ,
P701,Usaid,أسيد,male,P696,,,,,,,,,FALSE,resident ,
P702,Rami,رامي,male,P697,,,,,,,,,FALSE,resident ,
P703,Osama,أسامة,male,P697,,,,,,,,,FALSE,resident ,
P704,Ahmad,أحمد,male,P697,,,,,,,,,FALSE,resident ,
P705,Mohammad,محمد,male,P697,,,,,,,,,FALSE,resident ,
P706,Hasan,حسن,male,P024,,,,,,,,,TRUE,resident ,
P707,Dawood,داوود,male,P706,,,,,,,,,TRUE,resident ,
P708,Mahmoud,محمود,male,P706,,,,,,,,,TRUE,resident ,
P709,Mustafa,مصطفى,male,P706,,,,,,,,,FALSE,resident ,
P710,Maazouz,معزوز,male,P706,,,,,,,,,FALSE,resident ,
P711,Abdul Aziz,عبدالعزيز,male,P706,,,,,,,,,FALSE,resident ,
P712,Fayez,فايز,male,P706,,,,,,,,,FALSE,resident ,
P713,Fawaz,فواز,male,P706,,,,,,,,,FALSE,resident ,
P714,Mohammad,محمد,male,P708,,,,,,,,,,resident ,
P715,Maher,ماهر,male,P708,,,,,,,,,FALSE,resident ,
P716,Mutaz,معتز,male,P708,,,,,,,,,FALSE,resident ,
P717,Ahmad,أحمد,male,P708,,,,,,,,,FALSE,resident ,
P718,Hasan,حسن,male,P709,,,,,,,,,FALSE,resident ,
P719,Abdul Mohsen,عبدالمحسن,male,P709,,,,,,,,,FALSE,resident ,
P720,Abdullah,عبدالله,male,P710,,,,,,,,,FALSE,resident ,
P721,Mohammad,محمد,male,P710,,,,,,,,,FALSE,resident ,
P722,Hasan,حسن,male,P710,,,,,,,,,FALSE,resident ,
P723,Uday,عدي,male,P711,,,,,,,,,FALSE,resident ,
P724,Iyad,إياد,male,P711,,,,,,,,,FALSE,resident ,
P725,Karim,كريم,male,P711,,,,,,,,,FALSE,resident ,
P726,Ahed,عهد,male,P712,,,,,,,,,FALSE,resident ,
P727,Mohammad,محمد,male,P712,,,,,,,,,FALSE,resident ,
P728,Ahmad,أحمد,male,P713,,,,,,,,,FALSE,resident ,
P729,Hasan,حسن,male,P713,,,,,,,,,FALSE,resident ,
P730,Abdul Mohsen,عبدالمحسن,male,P024,,,,,,,,,TRUE,resident ,
P731,Bassem,باسم,male,P730,,,,,,,,,FALSE,resident ,
P732,Bassam,بسام,male,P730,,,,,,,,,FALSE,resident ,
P733,Yasser,ياسر,male,P730,,,,,,,,,FALSE,resident ,
P734,Abdul Nasser,عبد الناصر,male,P730,,,,,,,,,FALSE,resident ,
P735,Ahmad,أحمد,male,P730,,,,,,,,,FALSE,resident ,
P736,Mohammad,محمد,male,P730,,,,,,,,,FALSE,resident ,
P737,Mahmoud,محمود,male,P730,,,,,,,,,FALSE,resident ,
P738,Wael,وائل,male,P730,,,,,,,,,FALSE,resident ,
P739,Azzam,عزام,male,P730,,,,,,,,,FALSE,resident ,
P740,Abdul Mohsen,عبد المحسن,male,P731,,,,,,,,,FALSE,resident ,
P741,Issam,عصام,male,P731,,,,,,,,,FALSE,resident ,
P742,Tariq,طارق,male,P731,,,,,,,,,FALSE,resident ,
P743,Hussein,حسين,male,P732,,,,,,,,,FALSE,resident ,
P744,Mohammad,محمد,male,P732,,,,,,,,,FALSE,resident ,
P745,Khaled,خالد,male,P732,,,,,,,,,FALSE,resident ,
P746,Ibrahim,إبراهيم,male,P733,,,,,,,,,FALSE,resident ,
P747,Mohammad,محمد,male,P733,,,,,,,,,FALSE,resident ,
P748,Khaled,خالد,male,P733,,,,,,,,,FALSE,resident ,
P749,Nihad,نهاد,male,P734,,,,,,,,,FALSE,resident ,
P750,Jihad,جهاد,male,P734,,,,,,,,,FALSE,resident ,
P751,Hasan,حسن,male,P734,,,,,,,,,FALSE,resident ,
P752,Hussein,حسين,male,P734,,,,,,,,,FALSE,resident ,
P753,Mustafa,مصطفى,male,P735,,,,,,,,,FALSE,resident ,
P754,Ramez,رامز,male,P735,,,,,,,,,FALSE,resident ,
P755,Siraj,سراج,male,P735,,,,,,,,,FALSE,resident ,
P756,Yamen,يامن,male,P735,,,,,,,,,FALSE,resident ,
P757,Yousef,يوسف,male,P736,,,,,,,,,FALSE,resident ,
P758,Abdul Mohsen,عبدالمحسن,male,P736,,,,,,,,,FALSE,resident ,
P759,Mohammad,محمد,male,P737,,,,,,,,,FALSE,resident ,
P760,Muhannad,مهند,male,P737,,,,,,,,,FALSE,resident ,
P761,Ahmad,أحمد,male,P738,,,,,,,,,FALSE,resident ,
P762,Mahmoud,محمود,male,P738,,,,,,,,,FALSE,resident ,
P763,Fadi,فادي,male,P738,,,,,,,,,FALSE,resident ,
P764,Mohammad,محمد,male,P025,,,,,,,,,TRUE,resident ,
P765,Mahmoud,محمود,male,P764,,,,,,,,,FALSE,resident ,
P766,Abdul Hafiz,عبد الحافظ,male,P764,,,,,,,,,TRUE,resident ,
P767,Hussein,حسين,male,P764,,,,,,,,,FALSE,resident ,
P768,Abdul Nasser,عبد الناصر,male,P764,,,,,,,,,FALSE,resident ,
P769,Yasser,ياسر,male,P764,,,,,,,,,FALSE,resident ,
P770,Mohammad,محمد,male,P765,,,,,,,,,FALSE,resident ,
P771,Ahmad,أحمد,male,P765,,,,,,,,,FALSE,resident ,
P772,Mustafa,مصطفى,male,P765,,,,,,,,,FALSE,resident ,
P773,Mahdi,مهدي,male,P765,,,,,,,,,FALSE,resident ,
P774,Ayham,أيهم,male,P766,,,,,,,,,FALSE,resident ,
P775,Mohammad,محمد,male,P766,,,,,,,,,FALSE,resident ,
P776,Qusai,قصي,male,P766,,,,,,,,,FALSE,resident ,
P777,Momen,مؤمن,male,P766,,,,,,,,,FALSE,resident ,
P778,Sayel,صايل,male,P767,,,,,,,,,FALSE,resident ,
P779,Mohammad,محمد,male,P767,,,,,,,,,FALSE,resident ,
P780,Omar,عمر,male,P767,,,,,,,,,FALSE,resident ,
P781,Imad,عماد,male,P768,,,,,,,,,FALSE,resident ,
P782,Mohammad,محمد,male,P768,,,,,,,,,FALSE,resident ,
P783,Mahmoud,محمود,male,P770,,,,,,,,,FALSE,resident ,
P784,Mutaz,معتز,male,P770,,,,,,,,,FALSE,resident ,
P785,Murad,مراد,male,P770,,,,,,,,,FALSE,resident ,
P786,Karam,كرم,male,P771,,,,,,,,,FALSE,resident ,
P787,Omar,عمر,male,P772,,,,,,,,,FALSE,resident ,
P788,Abdul Hafiz,عبد الحافظ,male,P774,,,,,,,,,FALSE,resident ,
P789,Yousef,يوسف,male,P025,,,,,,,,,TRUE,resident ,
P790,Jaafar,جعفر,male,P789,,,,,,,,,TRUE,resident ,
P791,Yousef,يوسف,male,P790,,,,,,,,,FALSE,resident ,
P792,Bilal,بلال,male,P789,,,,,,,,,FALSE,resident ,
P793,Ahmad,أحمد,male,P789,,,,,,,,,FALSE,resident ,
P794,Hamad,حمد,male,P789,,,,,,,,,FALSE,resident ,
P795,Hazem,حازم,male,P789,,,,,,,,,FALSE,resident ,
P796,Mazen,مازن,male,P789,,,,,,,,,FALSE,resident ,
P797,Thaer,ثائر,male,P792,,,,,,,,,FALSE,resident ,
P798,Jaafar,جعفر,male,P792,,,,,,,,,FALSE,resident ,
P799,Mohammad,محمد,male,P792,,,,,,,,,FALSE,resident ,
P800,Omar,عمر,male,P792,,,,,,,,,FALSE,resident ,
P801,Musab,مصعب,male,P793,,,,,,,,,FALSE,resident ,
P802,Jaafar,جعفر,male,P793,,,,,,,,,FALSE,resident ,
P803,Yousef,يوسف,male,P793,,,,,,,,,FALSE,resident ,
P804,Majed,ماجد,male,P794,,,,,,,,,FALSE,resident ,
P805,Jaafar,جعفر,male,P794,,,,,,,,,FALSE,resident ,
P806,Yousef,يوسف,male,P794,,,,,,,,,FALSE,resident ,
P807,Mohammad,محمد,male,P794,,,,,,,,,FALSE,resident ,
P808,Mahmoud,محمود,male,P794,,,,,,,,,FALSE,resident ,
P809,Hasan,حسن,male,P795,,,,,,,,,FALSE,resident ,
P810,Ibrahim,إبراهيم,male,P795,,,,,,,,,FALSE,resident ,
P811,Abdul Hafeez,عبد الحفيظ,male,P023,,,,,,,,,TRUE,resident ,
P812,Mustafa,مصطفى,male,P811,,,,,,,,,TRUE,resident ,
P813,Hamad,حمد,male,P811,,,,,,,,,TRUE,resident ,
P814,Ahmad,أحمد,male,P811,,,,,,,,,FALSE,resident ,
P815,Islam,اسلام,male,P812,,,,,,,,,FALSE,resident ,
P816,Abdul Hafeez,عبد الحفيظ,male,P812,,,,,,,,,FALSE,resident ,
P817,Suleiman,سليمان,male,P811,,,,,,,,,FALSE,resident ,
P818,Samir,سمير,male,P817,,,,,,,,,FALSE,resident ,
P819,Mohammad,محمد,male,P817,,,,,,,,,FALSE,resident ,
P820,Mohammad,محمد,male,P817,,,,,,,,,FALSE,resident ,
P821,Abdul Hafeez,عبد الحفيظ,male,P817,,,,,,,,,FALSE,resident ,
P822,Yousef,يوسف,male,P817,,,,,,,,,FALSE,resident ,
P823,Nael,نائل,male,P814,,,,,,,,,FALSE,resident ,
P824,Mohammad,محمد,male,P814,,,,,,,,,FALSE,resident ,
P825,Faraj,فرج,male,P814,,,,,,,,,FALSE,resident ,
P826,Suleiman,سليمان,male,P819,,,,,,,,,FALSE,resident ,
P827,Usaid,أسيد,male,P819,,,,,,,,,FALSE,resident ,
P828,Yousef,يوسف,male,P819,,,,,,,,,FALSE,resident ,
P829,Ahmad,أحمد,male,P823,,,,,,,,,FALSE,resident ,
P830,Abdul Rahim,عبد الرحيم,male,P023,,,,,,,,,TRUE,resident ,
P831,Ahmad,أحمد,male,P830,,,,,,,,,FALSE,non_resident,
P832,Atheer,أثير,male,P831,,,,,,,,,FALSE,non_resident,
P833,Aws,أوس,male,P831,,,,,,,,,FALSE,non_resident,
P834,Arqam,أرقم,male,P831,,,,,,,,,FALSE,non_resident,
P835,Ahmad,أحمد,male,P832,,,,,,,,,FALSE,non_resident,
P836,Rayan,ريان,male,P832,,,,,,,,,FALSE,non_resident,
P837,Abdul Rahman,عبدالرحمن,male,P833,,,,,,,,,FALSE,non_resident,
P838,Abdul Karim,عبدالكريم,male,P830,,,,,,,,,FALSE,resident ,
P839,Ihab,إيهاب,male,P838,,,,,,,,,FALSE,resident ,
P840,Iyad,إياد,male,P838,,,,,,,,,FALSE,resident ,
P841,Jihad,جهاد,male,P838,,,,,,,,,FALSE,resident ,
P842,Imad,عماد,male,P838,,,,,,,,,FALSE,resident ,
P843,Mohammad,محمد,male,P838,,,,,,,,,FALSE,resident ,
P844,Ahmad,أحمد,male,P838,,,,,,,,,FALSE,resident ,
P845,Abdul Karim,عبد الكريم,male,P839,,,,,,,,,FALSE,resident ,
P846,Abdul Aziz,عبد العزيز,male,P839,,,,,,,,,FALSE,resident ,
P847,Abdul Rahim,عبد الرحيم,male,P839,,,,,,,,,FALSE,resident ,
P848,Mohammad,محمد,male,P840,,,,,,,,,FALSE,resident ,
P849,Omar,عمر,male,P840,,,,,,,,,FALSE,resident ,
P850,Amir,أمير,male,P841,,,,,,,,,FALSE,resident ,
P851,Ahmad,أحمد,male,P842,,,,,,,,,FALSE,resident ,
P852,Abdul Karim,عبد الكريم,male,P844,,,,,,,,,FALSE,resident ,
P853,Murad,مراد,male,P844,,,,,,,,,FALSE,resident ,
P854,Abdul Aziz,عبد العزيز,male,P830,,,,,,,,,TRUE,resident ,
P855,Yousef,يوسف,male,P854,,,,,,,,,FALSE,resident ,
P856,Mustafa,مصطفى,male,P854,,,,,,,,,FALSE,resident ,
P857,Hussein,حسين,male,P854,,,,,,,,,FALSE,resident ,
P858,Yousef,يوسف,male,P856,,,,,,,,,FALSE,resident ,
P859,Abdul Latif,عبد اللطيف,male,P830,,,,,,,,,FALSE,resident ,
P860,Tariq,طارق,male,P859,,,,,,,,,FALSE,resident ,
P861,Mohammad (Jamil),"محمد 
(جميل )",male,P859,,,,,,,,,FALSE,resident ,
P862,Abdul Rahim,عبد الرحيم,male,P859,,,,,,,,,FALSE,resident ,
P863,Abdul Latif,عبد اللطيف,male,P860,,,,,,,,,FALSE,resident ,
P864,Mohammad,محمد,male,P860,,,,,,,,,FALSE,resident ,
P865,Qais,قيس,male,P861,,,,,,,,,FALSE,resident ,
P866,Mustafa,مصطفى,male,P861,,,,,,,,,FALSE,resident ,
P867,Ibrahim,إبراهيم,male,P862,,,,,,,,,FALSE,resident ,
P868,Abdul Wahab,عبد الوهاب,male,P830,,,,,,,,,FALSE,resident ,وهبي
P869,Sari,ساري,male,P868,,,,,,,,,FALSE,resident ,
P870,Abdullah,عبدالله,male,P868,,,,,,,,,FALSE,resident ,
P871,Qutaiba,قتيبة,male,P868,,,,,,,,,FALSE,resident ,
